{
    "ئ": {
        "▁": 0.9904,
        "ئ": 1,
        "ا": 1
    },
    "ا": {
        "ا": 1.9404
    },
    "ب": {
        "ب": 2.0
    },
    "ێ": {
        "▁": 0.9466,
        "ی": 1,
        "ي": 1,
        "": 1
    },
    "خ": {
        "خ": 2.0
    },
    "ر": {
        "ر": 2.0
    },
    "ە": {
        "▁": 0.951,
        "ه": 1,
        "ه‌": 1,
        "ه ": 1,
        "": 1
    },
    "ت": {
        "ت": 1.9201000000000001,
        "ط": 1.0501
    },
    "د": {
        "د": 2.0
    },
    "م": {
        "م": 2.0
    },
    "س": {
        "س": 1.8999000000000001,
        "ث": 1.0167,
        "ص": 1.0515
    },
    "ی": {
        "ی": 2.0,
        "ي": 1
    },
    "ن": {
        "ن": 2.0
    },
    "ش": {
        "ش": 2.0
    },
    "ز": {
        "ز": 1.8216999999999999,
        "ض": 1.0695999999999999,
        "ذ": 1.039,
        "ظ": 1.0334
    },
    "و": {
        "و": 1.8317999999999999,
        "▁": 0.1591,
        "": 1
    },
    "غ": {
        "غ": 2.0
    },
    "ق": {
        "ق": 2.0
    },
    "ل": {
        "ل": 2.0
    },
    "ک": {
        "ک": 2.0
    },
    "ج": {
        "ج": 2.0
    },
    "ه": {
        "ه": 2.0
    },
    "گ": {
        "گ": 2.0
    },
    "ڕ": {
        "ر": 1.4959,
        "▁": 0.4472
    },
    "ژ": {
        "ژ": 2.0
    },
    "ڤ": {
        "و": 1.5979,
        "▁": 0.3862
    },
    "ڵ": {
        "ل": 1.6098,
        "▁": 0.3659
    },
    "ۆ": {
        "و": 1.9705,
        "": 1
    },
    "ف": {
        "ف": 2.0
    },
    "ح": {
        "ح": 2.0
    },
    "پ": {
        "پ": 2.0
    },
    "▁": {
        "ِ": 1.0
    },
    "ع": {
        "ع": 2.0
    },
    "چ": {
        "چ": 2.0
    },
    "ئێ": {
        "ا": 1,
        "إ": 1,
        "اِ": 1
    },
    "ئا": {
        "ا": 1,
        "آ": 1
    },
    "ئی": {
        "ای": 1
    },
    "ئۆ": {
        "ا": 1,
        "اُ": 1
    },
    "ئو": {
        "ا": 1,
        "اُ": 1
    },
    "ئوو": {
        "ا": 1,
        "اُ": 1,
        "او": 1
    },
    "ئە": {
        "ا": 1,
        "أ": 1,
        "اَ": 1
    },
    "ھ": {
        "ه": 1
    },
    "وو": {
        "و": 1
    }
}