{
    "ئ": {
        "▁": 0.9886,
        "ئ": 1.0065,
        "ا": 1
    },
    "ا": {
        "ا": 1.9513
    },
    "ب": {
        "ب": 2.0
    },
    "د": {
        "د": 2.0
    },
    "ن": {
        "ن": 2.0
    },
    "ی": {
        "ی": 2.0,
        "ي": 1
    },
    "و": {
        "▁": 0.1838,
        "و": 1.8065,
        "": 1
    },
    "گ": {
        "گ": 2.0
    },
    "ت": {
        "ت": 1.9329,
        "ط": 1.0422
    },
    "ێ": {
        "▁": 0.9163,
        "ی": 1,
        "ي": 1,
        "": 1
    },
    "خ": {
        "خ": 2.0
    },
    "ر": {
        "ر": 2.0
    },
    "م": {
        "م": 2.0
    },
    "ز": {
        "ز": 1.8561,
        "ض": 1.0573,
        "ذ": 1.0196,
        "ظ": 1.0237
    },
    "ۆ": {
        "و": 1.9487999999999999,
        "": 1
    },
    "ل": {
        "ل": 2.0
    },
    "ف": {
        "ف": 2.0
    },
    "ە": {
        "▁": 0.9126,
        "ه": 1,
        "ه‌": 1,
        "ه ": 1,
        "": 1
    },
    "س": {
        "س": 1.8854,
        "ث": 1.0243,
        "ص": 1.0442
    },
    "ش": {
        "ش": 2.0
    },
    "ڵ": {
        "ل": 1.7778,
        "▁": 0.1892
    },
    "ک": {
        "ک": 2.0
    },
    "غ": {
        "غ": 2.0
    },
    "ق": {
        "ق": 2.0
    },
    "ج": {
        "ج": 2.0
    },
    "ه": {
        "ه": 2.0
    },
    "ڕ": {
        "ر": 1.6358000000000001,
        "▁": 0.3481
    },
    "پ": {
        "پ": 2.0
    },
    "ژ": {
        "ژ": 2.0
    },
    "ڤ": {
        "و": 1.6739000000000002,
        "▁": 0.2971
    },
    "▁": {
        "ِ": 0.375,
        "ّ": 0.25,
        "ا": 0.125,
        "ئ": 0.125,
        "ب": 0.125
    },
    "ح": {
        "ح": 2.0
    },
    "ع": {
        "ع": 2.0
    },
    "چ": {
        "چ": 2.0
    },
    " ": {
        " ": 1.0
    },
    "ئێ": {
        "ا": 1,
        "إ": 1,
        "اِ": 1
    },
    "ئا": {
        "ا": 1,
        "آ": 1
    },
    "ئی": {
        "ای": 1
    },
    "ئۆ": {
        "ا": 1,
        "اُ": 1
    },
    "ئو": {
        "ا": 1,
        "اُ": 1
    },
    "ئوو": {
        "ا": 1,
        "اُ": 1,
        "او": 1
    },
    "ئە": {
        "ا": 1,
        "أ": 1,
        "اَ": 1
    },
    "ھ": {
        "ه": 1
    },
    "وو": {
        "و": 1
    }
}